item,freq
，,233161
。,230692
不,26416
人,20914
山,15997
无,15776
风,15634
一,15216
日,14892
云,13360
有,12670
何,12368
来,12278
天,12173
中,11405
时,11348
花,11281
上,11096
春,11051
水,11036
月,10940
相,9660
年,9538
为,9489
生,9395
君,9324
长,9149
心,9049
自,9008
如,8736
知,8651
白,8447
归,8335
此,8109
秋,8079
行,7936
见,7830
去,7759
清,7511
夜,7467
在,7416
江,7413
空,7349
得,7304
下,7302
高,7179
里,6995
未,6980
明,6804
金,6619
多,6595
门,6544
青,6478
处,6445
是,6443
客,6411
寒,6293
子,6210
落,6206
声,6195
玉,6146
千,6089
三,6039
家,5999
今,5980
雨,5939
道,5895
远,5879
事,5873
朝,5773
前,5763
万,5739
南,5738
出,5649
路,5555
飞,5534
入,5517
我,5499
东,5498
城,5439
草,5419
尽,5390
深,5362
与,5322
新,5318
流,5302
烟,5295
开,5269
树,5269
思,5239
别,5086
已,5073
回,5055
地,5035
酒,4990
欲,4990
将,4978
色,4975
谁,4975
马,4968
西,4968
还,4944
应,4845
可,4810
独,4745
闻,4719
成,4715
闲,4698
光,4663
更,4591
重,4587
向,4587
同,4491
阳,4490
雪,4458
身,4455
石,4435
望,4409
香,4385
看,4365
满,4333
游,4332
愁,4314
海,4285
老,4203
书,4202
情,4194
林,4185
衣,4176
从,4166
红,4085
古,4082
歌,4081
头,4074
难,4011
尘,3991
方,3901
楼,3879
龙,3841
复,3840
莫,3828
似,3809
旧,3805
能,3800
黄,3799
名,3778
犹,3737
分,3687
作,3628
后,3623
平,3580
到,3574
气,3566
当,3559
叶,3540
言,3536
鸟,3499
仙,3496
过,3484
间,3472
十,3464
发,3424
几,3412
离,3388
亦,3364
松,3359
王,3334
初,3312
北,3302
台,3295
起,3285
意,3276
外,3261
五,3260
非,3251
华,3250
边,3223
竹,3220
诗,3215
百,3187
大,3142
随,3131
公,3119
故,3108
暮,3100
梦,3091
宫,3077
安,3064
然,3062
醉,2991
吟,2985
少,2984
孤,2974
晚,2957
枝,2954
汉,2952
国,2951
露,2947
野,2933
文,2927
柳,2927
神,2926
阴,2906
世,2902
之,2886
终,2876
坐,2809
所,2794
霜,2778
若,2775
碧,2768
好,2763
绿,2762
幽,2761
关,2750
轻,2745
临,2741
逢,2741
河,2726
波,2721
留,2714
岁,2713
问,2710
微,2699
四,2697
芳,2686
泉,2677
半,2675
连,2665
池,2630
乡,2612
共,2567
影,2547
九,2545
岂,2541
须,2539
期,2520
小,2519
翠,2518
近,2518
馀,2505
曲,2496
因,2493
庭,2465
惊,2459
经,2452
照,2451
两,2448
断,2445
乐,2434
吹,2420
双,2405
溪,2395
遥,2382
动,2359
残,2344
晓,2336
曾,2325
正,2313
寻,2307
忆,2301
物,2295
对,2292
垂,2265
静,2260
苦,2260
却,2258
舟,2258
居,2244
悲,2244
鹤,2218
笑,2210
木,2194
先,2187
沙,2183
才,2177
者,2171
楚,2169
峰,2164
紫,2163
夕,2148
鸣,2135
星,2131
凤,2126
常,2106
语,2106
依,2104
和,2098
苍,2097
又,2087
只,2086
久,2084
怜,2081
泪,2073
唯,2072
鱼,2070
忽,2068
以,2067
浮,2062
车,2061
至,2053
登,2047
通,2040
景,2030
官,2023
二,2020
恩,2009
且,2008
宿,1998
数,1995
传,1995
早,1992
听,1989
转,1983
爱,1976
雁,1971
合,1971
堪,1961
女,1960
真,1948
散,1938
怀,1936
陵,1933
虚,1923
寂,1923
绝,1921
送,1915
灵,1900
使,1894
丹,1893
园,1886
病,1877
川,1869
恨,1868
疏,1866
吾,1863
萧,1862
堂,1859
舞,1854
帝,1850
主,1842
寄,1824
穷,1824
秦,1812
其,1804
州,1789
火,1785
昔,1780
节,1777
窗,1774
太,1767
觉,1766
死,1766
悠,1762
足,1753
兴,1748
乱,1746
皆,1743
手,1739
兮,1726
暗,1724
始,1720
亲,1716
待,1706
容,1702
霞,1699
带,1696
迟,1696
田,1694
罗,1693
往,1684
珠,1680
僧,1679
阁,1671
凉,1670
会,1660
于,1656
信,1652
晴,1650
休,1642
画,1642
兰,1641
剑,1637
湖,1636
虽,1622
尚,1613
桃,1613
首,1608
识,1606
度,1605
隔,1604
燕,1604
逐,1603
胜,1603
圣,1594
征,1591
功,1590
隐,1589
辞,1588
洞,1585
直,1576
斜,1567
夫,1565
群,1565
移,1556
绕,1556
含,1552
岸,1547
士,1545
亭,1539
步,1529
儿,1529
愿,1527
徒,1524
谢,1524
贤,1521
杯,1519
伤,1518
欢,1515
丝,1502
胡,1500
浪,1496
令,1491
学,1480
倚,1480
争,1478
颜,1471
军,1468
琴,1467
结,1466
羽,1462
卧,1454
寺,1451
皇,1449
拂,1447
解,1446
疑,1440
荒,1437
尔,1436
师,1433
立,1428
朱,1427
横,1423
桂,1421
眼,1421
贵,1420
郎,1415
镜,1414
忧,1413
殿,1410
用,1410
化,1398
锦,1398
吴,1395
交,1387
食,1386
飘,1385
翻,1380
塞,1378
啼,1377
便,1377
乘,1371
迹,1366
命,1366
薄,1361
骑,1359
岩,1353
钟,1348
药,1348
定,1340
易,1329
异,1329
栖,1327
惜,1326
德,1326
忘,1316
映,1315
力,1315
灯,1312
求,1311
兵,1310
劳,1309
说,1309
苔,1308
臣,1308
卷,1304
喜,1293
著,1291
谷,1289
洛,1289
弦,1281
音,1274
猿,1273
本,1264
六,1260
饮,1260
及,1258
念,1252
杨,1252
船,1252
遗,1249
径,1248
教,1243
斗,1243
荣,1238
他,1225
由,1218
细,1214
迎,1213
冷,1211
素,1210
暖,1207
阙,1206
稀,1206
即,1204
感,1201
折,1199
湘,1199
摇,1195
条,1194
惟,1193
极,1187
干,1186
贫,1186
都,1185
偏,1185
魂,1183
口,1179
低,1178
衰,1176
玄,1167
侯,1165
面,1162
顾,1162
住,1161
梁,1159
桥,1155
轩,1153
章,1153
眠,1147
引,1144
渐,1143
但,1141
报,1138
息,1137
蓬,1137
鬓,1136
良,1135
彩,1134
取,1130
八,1127
掩,1119
鼓,1115
论,1115
变,1112
莲,1109
战,1109
怅,1108
缘,1106
美,1103
纷,1103
元,1100
骨,1100
越,1099
目,1097
片,1096
持,1094
想,1093
宁,1093
接,1092
频,1090
邻,1090
倾,1085
暂,1082
武,1081
悬,1081
帘,1081
禅,1079
破,1077
宜,1077
叹,1073
守,1068
礼,1067
载,1066
傍,1060
迷,1058
鸡,1056
凝,1052
户,1050
洲,1048
枕,1046
帆,1044
冰,1042
罢,1041
莺,1041
齐,1040
宝,1035
盘,1029
佳,1027
京,1026
土,1025
虎,1021
村,1020
许,1018
钓,1018
泥,1017
伴,1015
任,1014
采,1013
必,1012
俗,1011
永,1009
昏,1005
失,1003
沉,1000
沧,1000
眉,1000
御,998
井,997
精,984
鸿,981
李,978
梅,977
郡,976
内,975
敢,975
携,972
岭,970
沈,970
根,965
观,962
浦,959
既,958
狂,955
肠,954
原,953
收,953
幸,952
字,951
床,951
尊,949
室,946
诸,946
管,945
急,944
冥,944
壁,934
指,933
仍,932
晨,931
每,926
银,924
理,923
雄,921
渔,920
夏,919
张,917
那,916
蝉,914
茫,914
举,913
岳,912
冠,911
藏,909
称,908
吏,907
全,906
阶,905
众,905
侵,905
周,903
积,901
繁,901
机,899
恐,899
旌,898
雾,894
旗,891
尺,890
赏,888
七,887
封,887
府,886
兹,885
最,881
性,875
比,873
遇,871
兼,868
殊,866
形,865
英,863
盛,859
承,858
况,855
惭,855
寥,855
闭,854
湿,852
竟,851
攀,849
扬,848
图,847
烛,847
哀,847
泛,846
把,846
被,843
乃,841
渡,841
陈,839
销,838
种,837
危,836
房,834
计,834
昨,831
赋,829
凄,828
荷,826
端,825
角,825
喧,822
笔,820
怨,819
消,814
负,813
苑,812
翁,812
涯,812
乌,809
孙,809
点,808
调,808
嗟,807
业,806
宴,805
抱,804
列,803
斋,803
绣,801
鸾,801
没,799
舍,798
泽,797
桑,795
催,794
轮,793
纵,792
凭,791
遍,788
丛,788
象,788
粉,787
遂,786
词,785
代,784
势,782
宵,781
凌,780
惆,780
拜,779
走,779
席,778
荆,777
各,773
牛,773
参,772
浅,771
瑶,770
屋,770
艳,769
枯,769
再,768
修,768
童,767
蜀,767
句,765
漏,762
并,762
题,762
营,759
甘,754
禁,753
肯,751
旅,751
赤,750
馆,749
奇,747
丘,747
津,747
驱,746
访,744
绮,743
降,743
笼,743
偶,743
潮,742
雷,742
筵,741
短,740
志,735
烧,732
勤,732
毛,731
放,730
弄,729
盖,728
咏,728
盈,726
沾,725
第,724
霄,724
禽,723
披,719
衔,719
强,719
挂,717
陌,713
妆,712
历,712
炉,711
戎,710
投,709
底,708
扫,706
妾,705
昼,704
塘,703
滴,703
琼,702
漫,701
而,697
涧,694
程,694
诚,693
钱,693
壮,690
菊,688
辉,684
灭,684
荡,683
巢,681
潭,681
背,679
史,679
途,677
襟,677
宾,677
迢,677
棹,675
俱,673
借,673
宅,670
达,665
净,663
利,661
穿,659
响,657
帐,657
潜,656
袖,655
羡,650
献,648
源,647
渚,646
墙,646
奏,645
殷,645
差,644
杀,644
壶,643
覆,643
存,641
圆,640
避,640
厌,639
斯,639
拟,637
要,637
茅,633
养,632
郊,632
巴,632
耕,631
市,629
屏,627
拥,626
赠,626
寞,626
境,625
旋,623
牵,621
广,619
升,618
县,618
呼,618
就,616
恋,616
唱,615
杳,613
奉,612
弟,612
鸳,609
洒,608
澄,607
幕,607
院,606
雕,605
驾,604
服,604
愧,603
添,603
法,603
刀,602
漠,601
属,601
腰,601
策,598
郭,598
嘉,596
萝,596
实,595
侍,595
卿,594
檐,591
招,590
弹,590
泣,590
哭,590
受,588
密,587
哉,586
仰,585
桐,585
遣,585
诏,585
弃,584
或,582
陶,580
奈,577
浩,577
庙,575
嫌,575
夷,574
曙,572
阑,572
尝,572
威,571
也,569
疾,566
儒,565
翼,564
义,563
冬,563
耳,563
聊,561
叠,560
巾,560
省,558
饥,558
驰,557
限,557
追,555
峡,555
商,554
怪,554
丈,553
试,553
杜,553
淮,552
歇,551
妇,551
篇,550
停,549
寿,549
血,548
倒,545
锁,545
羞,543
昭,542
陇,542
迥,539
丽,539
娇,539
坛,539
鞭,539
友,539
宗,538
际,538
洗,538
驻,537
鳞,537
庐,536
笙,536
系,535
瑞,534
严,534
畔,534
秀,531
扇,530
蝶,530
苏,529
浓,528
母,528
窥,527
候,527
鹿,526
延,526
逸,525
侣,525
裳,524
伊,524
彼,524
适,523
岛,523
醒,523
趋,523
层,522
除,522
埃,521
簪,518
辛,517
鬼,517
布,516
雀,516
宇,515
郁,514
柏,514
致,514
阔,514
虫,514
涛,512
富,511
忍,510
迁,508
鼎,508
黑,508
果,508
羁,508
韵,507
谓,507
佩,506
济,506
止,506
蒙,505
劝,505
荐,503
驿,502
冲,500
甲,499
戍,498
推,497
杖,497
睡,497
熟,496
兄,496
政,495
邑,494
零,494
扶,492
肃,491
表,490
扉,489
樵,489
险,488
堤,488
贱,488
辰,486
乍,486
仪,484
咽,484
杂,483
印,483
改,481
壑,481
委,480
话,480
买,480
抛,480
累,479
场,477
蒲,476
余,473
固,471
鲜,470
纤,470
奔,470
烦,470
射,470
读,470
懒,469
促,468
集,466
展,466
杏,466
切,465
索,464
尧,463
霁,463
瑟,463
免,462
笛,461
戈,461
虏,461
汝,461
佛,460
伏,460
芙,459
摧,459
环,459
退,458
崖,457
祖,456
陪,455
腾,455
顶,455
槛,454
履,454
酌,454
铜,454
寸,453
恶,453
网,453
造,453
父,452
旷,451
钩,450
梧,450
酬,449
了,449
裁,448
妙,447
姓,446
澹,446
暑,446
炎,445
进,445
写,444
勿,442
支,442
畏,442
返,440
屈,440
袅,440
衡,439
巫,439
焚,438
痕,437
篱,436
托,435
仁,435
座,434
蓉,432
弓,431
次,431
脱,431
晖,430
阻,430
贞,429
味,429
堕,429
司,428
渭,428
符,428
芜,428
振,427
甚,427
雅,426
翩,426
姿,424
丰,423
珍,423
鹭,423
刘,423
箫,422
羊,422
请,422
亡,421
记,421
宣,421
柱,421
泊,421
己,420
觞,419
裴,419
侧,418
曹,418
赐,417
旦,417
违,416
宠,416
鸥,416
律,415
吐,415
蛾,415
磬,413
号,413
换,413
善,412
灰,411
箭,410
岐,410
乾,410
益,410
犬,410
绵,409
朔,408
芝,408
宛,408
踪,407
霭,406
束,406
巷,406
压,405
聚,404
挥,404
资,404
激,403
左,403
竿,403
戏,402
茶,402
萦,401
染,401
砌,399
置,399
视,399
翰,399
掌,398
伯,395
凰,395
娥,395
宦,395
态,394
踏,394
栽,394
猎,393
潇,392
建,389
咸,389
织,389
团,389
位,388
废,386
唐,386
凋,384
农,384
妨,384
陆,384
谋,384
占,383
饶,383
总,382
峨,382
樽,381
妻,381
豪,380
竞,380
讵,379
触,379
嘶,379
坠,378
稍,378
滞,377
啸,376
社,376
右,375
鲁,374
夸,374
籍,374
启,373
舒,373
惠,373
庆,372
毫,372
禄,372
体,371
齿,371
氛,370
欹,369
谈,369
敛,369
氏,369
尾,369
界,369
忠,368
焉,368
役,367
肉,367
民,366
冻,366
貌,366
运,365
施,365
值,364
润,364
鸯,364
渺,364
兔,363
缨,363
藤,362
龟,362
崇,361
屡,359
愚,359
蛮,358
予,357
飒,357
蹄,357
魄,356
裘,356
巡,355
闺,355
彻,355
蛇,354
铁,354
蘋,353
趣,351
谒,351
蕊,350
濛,349
皎,348
虑,348
霏,348
弱,347
徐,346
汀,346
旆,345
矣,345
潺,345
舆,344
洁,344
嵩,344
个,344
莱,343
欺,343
慵,343
觅,342
仗,341
融,341
约,340
刺,340
鹊,340
辇,339
丁,339
埋,339
误,339
溟,338
泠,336
瞻,335
寝,335
工,335
偷,335
簟,335
纱,334
穴,333
餐,333
碎,333
辨,333
翔,333
敌,332
坤,332
质,331
保,331
惨,331
浑,331
斑,330
递,330
提,329
私,329
墨,329
锡,328
单,327
鞍,327
槐,327
淡,327
昆,326
防,326
芦,326
默,326
宽,326
昌,325
倦,324
康,324
梨,324
术,324
滨,323
量,323
领,323
饭,323
祥,322
击,322
晋,322
辟,322
棋,322
福,321
简,321
假,321
贪,320
淹,319
继,319
排,319
续,317
森,317
魏,317
暇,316
班,316
弥,315
衢,315
鸦,315
制,314
祠,314
减,313
巧,313
枫,313
袍,312
末,312
凡,312
酣,311
遮,311
柴,311
虹,310
隅,310
藓,310
蕙,310
邀,309
戚,309
联,309
剪,309
囊,308
赖,308
耀,307
围,306
阵,305
沟,305
牙,305
绶,304
助,304
羸,304
男,304
反,303
栏,303
滩,303
悟,302
堆,301
藻,301
铺,300
暝,300
萍,299
牧,298
温,298
坚,298
俯,297
洪,297
护,297
麻,297
坟,296
岑,296
钗,296
腊,296
瘦,295
乞,295
麟,294
汗,294
雏,294
瓶,294
等,294
健,293
茂,292
凿,292
镇,292
贾,292
逾,292
晏,292
肥,292
瘴,292
则,291
孔,290
捧,290
叟,290
热,290
毕,290
辈,290
卫,289
类,289
街,289
磨,289
佐,288
烂,288
帷,287
廊,286
阿,286
维,286
贺,286
执,285
戴,285
玩,284
兽,283
掷,283
萤,282
妃,282
略,282
姑,282
谏,281
厚,281
吞,281
岫,280
仲,280
株,280
匣,279
悴,279
岚,279
脉,278
耿,277
蛟,277
叫,277
柔,276
器,276
浊,276
加,276
拙,276
材,275
焰,275
泰,275
虞,275
探,275
渠,275
绛,275
砧,275
赵,275
戟,274
备,274
超,274
怕,274
赊,274
妖,273
规,273
娟,273
橘,273
韶,272
夹,272
翅,270
衫,270
骚,270
皋,269
慰,269
宋,269
笳,267
璧,267
滋,267
颠,267
谪,267
裙,266
电,265
纶,265
鹰,265
抚,264
刻,264
嫁,264
纸,263
萋,263
濯,262
午,262
遭,262
宰,262
匹,261
皓,261
摘,260
苗,260
枉,260
欣,259
辽,259
颇,258
黛,258
搜,257
抽,257
偃,257
涕,257
区,256
漾,256
狼,256
希,256
碑,256
蒿,256
饱,256
庶,255
卜,255
炼,255
职,254
骄,254
筑,253
瀑,253
缕,253
稻,253
梯,252
乔,252
吊,252
伫,251
墀,251
卑,251
霓,251
鉴,251
灞,251
宸,250
菲,249
恣,249
缀,248
署,248
榆,247
跃,247
习,247
扰,247
扁,247
啄,246
供,246
娱,245
庄,245
忙,245
标,245
垣,245
慕,244
梳,244
莎,244
价,244
契,243
笋,243
菱,243
拾,243
茎,243
装,242
勋,242
薰,242
麦,242
腹,241
耻,241
夺,241
嫩,240
嶂,239
絮,239
闱,239
袂,239
孝,238
颓,238
垒,238
冤,238
卖,238
沦,238
让,237
憔,237
困,237
孟,237
舜,236
赴,236
典,235
藉,235
黍,235
寐,235
认,235
览,234
襄,234
赫,234
馨,234
仆,234
楫,233
爽,233
忝,232
艰,232
疲,232
谩,232
逼,230
穆,230
否,230
朋,230
瓦,230
杉,230
练,229
状,229
智,229
蔽,229
权,229
选,229
汤,228
禹,227
媚,227
矜,227
睹,227
悄,227
妍,226
膏,226
塔,226
珮,225
凫,225
顷,225
料,225
浸,225
透,225
授,224
蚕,224
涨,224
拔,223
输,223
校,223
阮,223
蔓,222
呈,222
旬,222
稽,222
唤,222
敬,221
卢,221
绪,221
姬,221
猛,221
稳,221
逍,221
烽,220
整,220
纪,219
卒,219
植,219
乳,219
珊,219
韩,218
沼,217
注,217
季,216
怒,216
蹉,216
鲸,215
脚,214
鹦,214
曳,213
祀,213
脸,213
簇,213
稚,213
科,212
朽,212
涉,212
僻,212
窟,212
钿,212
错,211
狐,211
葛,211
遐,210
告,210
般,210
闾,209
碛,209
跎,209
丧,209
绳,208
案,208
氲,208
腥,208
妓,208
朗,207
插,207
丞,207
秉,207
格,207
鬟,207
葬,207
圃,206
晦,206
祝,206
陂,206
央,205
攒,205
握,205
增,205
打,205
答,205
妒,205
决,204
巨,204
的,204
贼,204
尉,203
隋,203
软,203
媒,203
毒,203
函,202
邦,202
倍,202
砂,202
飙,202
蜂,202
敲,202
部,202
祸,202
奴,202
郢,202
败,201
辱,201
呜,201
耸,200
粟,200
冢,200
棘,199
蟾,199
专,199
鼠,199
谿,199
戒,198
伐,198
族,198
渴,198
榻,198
雉,197
烈,197
驭,197
具,197
讲,197
架,196
液,196
瀛,196
怯,196
顺,196
崔,196
议,196
辕,196
牢,195
活,195
郑,194
操,194
彭,194
寰,194
慈,194
胸,194
眷,193
伦,193
秘,193
喷,193
浴,193
罪,193
兀,193
骢,193
翮,193
均,192
梵,191
棠,191
裾,191
乎,191
傲,191
速,191
鹉,191
孰,190
薜,190
旁,190
衾,190
缺,189
湲,189
槎,189
舌,189
翡,188
逝,188
扑,188
惹,188
冉,188
勒,187
徊,187
障,187
掖,187
眇,187
亩,187
桡,186
滑,186
逃,186
损,186
编,185
锋,185
傅,185
缓,185
漂,185
慢,184
汲,184
誓,183
设,183
尤,183
序,182
榜,182
恒,182
乖,182
庾,182
躬,181
博,181
补,181
迤,181
蒸,181
烹,181
翳,181
潘,181
辙,180
敷,180
裂,180
骊,180
涂,180
召,180
域,179
算,179
品,179
务,178
组,178
恭,178
柯,178
申,178
冕,178
迸,178
冈,178
屯,177
澜,177
髻,177
琐,176
寇,176
铅,176
廷,176
蹋,176
邪,175
蚁,175
苟,175
厨,175
混,174
栋,174
效,174
颂,174
皮,174
煎,174
亚,174
臂,174
坏,174
蹇,174
匡,173
篁,173
瓜,173
梢,173
胆,173
救,173
蕃,172
牖,172
噪,172
顿,172
夭,172
霸,172
豁,172
肩,171
蓝,171
貂,171
充,170
缄,170
羌,169
震,169
峻,169
蔼,169
鼙,169
付,169
特,169
悔,169
帽,169
线,169
崩,169
蔬,169
骏,168
浆,168
檀,168
肌,168
莓,168
熏,167
筹,167
匪,167
犀,167
碍,167
惬,167
眺,166
婵,166
刃,166
鹏,166
扃,165
棱,165
贡,165
箧,165
禾,164
旨,164
谣,164
拨,164
沽,164
笺,164
截,163
俄,163
费,163
优,163
狎,163
葱,162
溜,162
蟠,162
污,162
叔,162
局,162
疆,162
藜,162
缠,162
惯,162
仞,161
芽,161
范,161
涩,161
劫,160
屿,159
帛,159
靡,159
薇,159
获,158
銮,158
逶,158
萼,158
突,158
漱,158
泻,158
纳,157
俨,157
沿,157
扣,157
趁,157
霖,157
循,156
灶,156
贯,156
藩,156
涵,156
倏,156
鹄,156
徽,155
榭,155
臾,155
痛,155
践,155
筝,155
锄,155
钧,154
斩,154
沐,154
溢,154
煌,154
锵,154
茗,154
盗,154
犯,154
朵,154
像,154
汾,153
惧,153
徘,153
谬,153
熊,153
奠,153
讶,153
揖,153
樱,153
纡,153
墓,153
诵,152
雍,152
寡,152
葭,152
痴,152
油,152
峭,152
曛,152
牡,151
薪,151
基,150
构,150
仓,150
霰,150
婴,150
筋,150
米,150
衲,150
啭,149
勇,149
示,149
豆,149
？,149
剧,149
札,149
瓮,149
峦,148
翦,148
洽,148
释,148
豹,148
荧,148
骥,148
砚,148
阅,147
按,147
抵,147
籁,146
翘,146
捣,146
轴,146
逆,146
蕉,146
悦,145
芬,145
飖,145
秩,145
煮,145
褐,145
滟,145
浔,145
摩,145
耶,145
凶,144
旄,144
怆,144
遽,144
绡,144
珑,144
莽,144
醪,144
鳌,144
蛩,144
仿,143
粗,143
饵,143
麋,143
樯,143
筠,142
廓,142
黎,142
吉,142
峤,142
灼,142
削,142
窈,142
俦,142
慎,141
湛,141
辔,141
贮,141
铭,141
椒,141
蔡,141
焦,141
腻,141
畦,141
屐,141
猜,140
琅,140
缝,140
患,140
膺,139
帏,139
膝,139
饰,139
溅,139
粲,139
麾,138
盐,138
豫,138
湾,138
顽,138
苇,138
艺,137
附,137
穹,137
蹑,137
恼,137
茸,137
栗,137
浣,137
蜡,136
芒,136
测,135
乏,135
漳,135
羲,135
榴,135
幢,135
啾,135
斧,135
艇,135
俊,135
拘,134
僮,134
龄,133
饯,133
络,133
劲,133
鹓,133
捐,133
匀,133
匝,133
仑,133
楹,132
旱,132
窕,132
卓,132
填,131
脂,131
杵,131
淅,131
睿,130
夙,130
玲,130
窦,130
割,130
剡,130
缥,129
款,129
z,129
墟,129
麝,129
稼,129
弯,129
沥,129
跳,129
壤,128
曜,128
黯,128
隈,128
缭,128
丑,128
沃,128
鲤,128
蠹,128
畴,127
葵,127
阖,127
暄,127
隙,127
甸,127
互,127
害,127
宪,127
褰,127
咫,126
幡,126
涌,126
邈,126
蹙,126
税,126
岘,126
尹,126
幌,125
灌,125
彤,125
湍,125
配,125
哲,125
援,125
柄,125
髯,125
矶,125
阊,124
兆,124
熙,124
诛,124
陟,124
舂,124
曰,124
榛,124
坞,124
拍,124
鹧,124
鸪,124
韦,123
预,123
怡,123
蹊,123
槿,123
卮,123
迫,123
愤,123
检,123
匠,123
谐,122
刑,122
蹰,122
倘,122
嵬,122
囚,122
藕,122
甫,122
柘,122
瓢,122
铸,121
贻,121
髭,121
虬,121
窃,121
栈,121
治,120
萸,120
矫,120
颍,120
稷,120
祭,120
瑚,120
雌,120
骸,120
霍,120
渌,120
憎,120
样,120
鄙,120
荫,119
勉,119
粒,119
享,119
遁,119
昧,119
淫,119
板,118
俎,118
骖,118
灾,118
拭,118
谙,118
酸,118
冯,118
恻,118
吁,118
俸,118
畅,117
冀,117
掉,117
鹅,117
闷,117
谅,116
窄,116
暴,115
珪,115
肤,115
医,115
茵,115
珂,115
店,115
缅,114
率,114
铃,114
驯,114
濑,114
圭,113
烬,113
惑,113
晶,113
躅,113
剩,113
肝,113
搔,113
忌,113
寓,113
竭,112
纹,112
辍,112
踟,112
弘,112
隼,112
奸,112
荔,112
刚,112
稠,112
箔,111
诀,111
冒,111
恃,111
警,111
昂,111
坼,111
侠,111
胧,111
娘,111
渊,111
拱,110
伸,110
磴,110
驷,110
爵,110
娃,110
垄,110
快,110
拳,110
厥,109
耽,109
涤,109
螭,109
溶,109
辅,108
讨,108
叨,108
狱,108
嚣,108
旒,108
滔,108
骤,108
旭,108
丸,108
肆,107
亏,107
派,107
蓟,107
祚,107
飕,107
磷,107
翛,107
擎,106
考,106
猷,106
檄,106
球,106
；,106
麒,106
箸,106
盆,106
漆,106
湄,105
芸,105
傥,105
琵,105
琶,105
庸,105
膻,105
奋,105
躯,105
额,105
坊,105
蓑,105
介,104
斟,104
储,104
挑,104
杪,104
吕,104
蛰,104
鼻,104
绽,104
蝇,104
诉,104
唳,104
拆,104
骋,103
遵,103
俭,103
豺,103
涟,103
蠡,103
荻,103
瓯,103
偈,103
嗣,102
慨,102
飏,102
陋,102
巍,102
恰,102
贝,102
鲈,102
罍,101
涓,101
坂,101
包,101
播,101
聪,101
蓼,101
巅,101
跻,101
芊,101
陷,101
斫,101
簿,101
针,101
婿,101
择,100
赞,100
沸,100
峥,100
撼,100
嵇,100
玳,99
衮,99
产,99
箱,99
刹,99
毂,99
羹,99
朴,99
吃,99
毁,99
廉,99
喻,98
枪,98
蕤,98
轧,98
屑,98
仕,98
坡,98
跸,97
迈,97
讴,97
胥,97
跨,97
遑,97
菜,97
尸,97
婉,97
唇,97
爪,97
胶,97
徼,96
僚,96
璃,96
幂,96
舸,96
裹,96
粮,96
憩,96
嵘,96
堞,96
菰,96
蒹,96
篆,95
宙,95
枢,95
褒,95
缩,95
骝,95
颐,95
猩,95
攻,95
疮,95
盏,95
衙,95
幄,94
式,94
敞,94
莹,94
骇,94
纲,94
姚,94
冶,94
妄,94
淑,93
谗,93
雠,93
缈,93
垆,93
梭,92
杰,92
琉,92
挹,92
判,92
颈,92
茱,92
鸭,92
鸱,92
眸,92
狖,92
鹃,92
隆,91
捷,91
控,91
仇,91
撩,91
樊,91
彦,91
轸,90
绂,90
於,90
祈,90
胎,90
亮,90
濡,90
徂,90
嚬,90
摆,90
凛,90
粱,90
吠,90
欠,90
奕,89
奢,89
镂,89
谟,89
敦,89
坎,89
箓,89
叩,89
陛,88
馥,88
醴,88
亿,88
祇,88
鸢,88
殁,88
婆,88
芰,88
段,88
弊,88
龛,88
淳,87
替,87
财,87
碗,87
袭,87
恸,87
淼,87
玕,87
魔,87
畿,86
航,86
彰,86
讼,86
虔,86
筐,86
渥,86
铿,86
逡,86
缚,86
犊,86
裛,86
魅,86
瑕,86
琢,86
劚,86
笠,86
栊,85
钺,85
辜,85
挟,85
炙,85
项,85
窜,85
髓,85
翎,85
邹,85
克,84
鹢,84
显,84
诺,84
吼,84
幼,84
徇,84
菡,84
萏,84
俟,83
邯,83
褭,83
挽,83
伍,83
闪,83
炊,83
浇,82
缆,82
肺,82
黔,82
揭,82
徵,82
据,82
苞,82
郸,82
沓,82
毡,82
揽,82
婚,82
邛,82
帖,82
嵯,82
旃,82
缁,82
闽,82
忻,81
监,81
拖,81
驺,81
闹,81
甃,81
苒,81
浙,81
腕,80
侬,80
秾,80
窅,80
隳,80
襦,80
筇,80
屠,80
咨,80
舫,80
狗,80
尼,80
沫,80
陀,80
衷,79
膳,79
滥,79
训,79
邸,79
觜,79
狭,79
巘,79
穗,79
蛙,79
醺,79
鲍,78
爰,78
阜,78
扈,78
曈,78
掇,78
窠,78
敕,78
钵,78
惮,77
b,77
刍,77
些,77
湓,77
阗,76
铄,76
驹,76
蒂,76
喉,76
巉,76
枣,76
袁,76
茨,75
凯,75
韬,75
蕴,75
叙,75
箕,75
钦,75
迩,75
袜,75
桧,75
倡,75
担,75
朦,75
邺,75
饿,75
纨,75
鹂,75
擢,75
荀,75
帙,74
黏,74
潦,74
夔,74
幅,74
番,74
卉,74
给,74
悉,74
创,73
阡,73
验,73
愈,73
蛛,73
焕,73
閟,73
嗔,73
炭,73
梗,73
汴,73
熳,73
匆,73
竺,73
革,72
倩,72
桓,72
剖,72
泓,72
瑁,71
恬,71
珰,71
抑,71
誉,71
盼,71
扪,71
瑰,71
婢,71
肘,71
觥,71
矛,71
研,71
党,71
岖,71
颦,71
舄,71
垢,71
芭,71
豸,71
杼,70
擅,70
擒,70
眄,70
邙,70
泗,70
鼍,70
鲛,70
佞,70
擘,70
濆,70
駸,70
驴,70
禋,69
脆,69
绩,69
册,69
酝,69
f,69
虾,69
辘,69
责,69
股,68
阆,68
溺,68
慷,68
溯,68
录,68
臆,68
曝,68
筱,68
掣,67
菌,67
萱,67
嗤,67
嬴,67
洋,67
戛,67
帅,67
轳,67
董,67
竖,67
e,67
哑,67
腐,67
梓,67
掾,67
戢,66
泾,66
赢,66
恍,66
匈,66
涸,66
鬣,66
淋,66
邮,66
蜜,66
閤,66
崎,66
幻,66
裔,65
碣,65
奚,65
祷,65
蕖,65
潸,65
幔,65
蹈,65
绅,65
嫖,65
伶,65
麹,65
吸,65
薤,65
茧,65
杭,65
鲙,65
拄,65
扆,64
枚,64
鸠,64
堑,64
嗜,64
粘,64
嬉,64
枥,64
剥,64
岷,64
嘘,64
挈,64
耐,64
榼,64
厦,63
庇,63
乙,63
艾,63
抟,63
颗,63
缑,63
禀,63
漪,63
颁,63
嘲,63
驼,63
唧,63
颔,63
欻,63
炷,63
遨,63
酿,63
蟋,63
蟀,63
癖,63
磊,63
墅,63
祗,62
耆,62
骧,62
脑,62
曷,62
队,62
葳,62
娑,62
努,62
蕨,62
薛,62
槁,62
逞,62
诣,62
员,62
庵,62
旂,61
翊,61
辄,61
叱,61
穰,61
馔,61
瞥,61
洄,61
瞿,61
鸂,61
鶒,61
皂,61
孺,61
轺,61
察,60
导,60
燎,60
氤,60
峒,60
簧,60
萌,60
谤,60
踯,60
租,60
鹘,60
蜃,60
缸,60
蚊,60
醆,60
崆,59
砾,59
暧,59
瞰,59
枭,59
逗,59
罥,59
肢,59
鹗,59
逋,59
漉,59
库,59
醅,59
筌,59
什,59
晒,59
縠,58
矢,58
闰,58
版,58
育,58
劣,58
牲,58
纬,58
抗,58
锥,58
刷,58
骐,58
蓄,58
掬,58
毗,58
踌,58
姹,58
琪,58
嚼,58
尖,58
协,57
徙,57
戮,57
撑,57
舅,57
斤,57
趾,57
厅,57
滓,57
屦,57
霆,57
钝,57
峣,56
跪,56
濩,56
秣,56
蹀,56
坑,56
霹,56
璞,56
债,56
酲,56
庚,56
邓,56
箨,56
咄,56
晕,55
晞,55
沛,55
貔,55
棣,55
副,55
谊,55
析,55
莼,55
琳,55
蒨,55
泄,55
藿,54
荇,54
证,54
籥,54
述,54
纻,54
块,54
颊,54
泬,54
雳,54
鞋,54
嗷,54
厉,53
诞,53
帔,53
闼,53
酩,53
酊,53
狞,53
镞,53
货,53
蚀,53
蜍,53
萎,53
绊,53
慧,53
葩,53
庞,53
绢,53
筒,53
着,53
弧,52
狄,52
姻,52
课,52
靖,52
阃,52
蹲,52
愔,52
盥,52
搏,52
桨,52
毳,52
酷,52
渤,52
诱,52
菖,52
涔,52
沅,52
柚,52
谭,52
芷,52
辩,52
疵,52
坦,52
呀,52
岧,51
惕,51
罔,51
爇,51
驽,51
犁,51
猴,51
隘,51
薮,51
捕,51
镌,51
挺,51
嫔,51
橐,51
袈,51
裟,51
盂,51
模,50
恤,50
稔,50
陲,50
巳,50
蓂,50
罕,50
歆,50
潋,50
蟆,50
翱,50
娉,50
嘈,50
厩,50
d,50
赌,50
骅,50
糟,50
姜,50
暌,50
鳖,50
诰,50
讽,50
脁,50
玑,49
奥,49
缣,49
澈,49
醮,49
狩,49
衍,49
阎,49
睨,49
渍,49
啖,49
赛,49
蝴,49
跼,49
掠,49
烁,49
栉,49
涎,49
呵,49
拣,49
邅,49
嫦,49
拈,49
搴,48
肱,48
瞩,48
靥,48
汹,48
贶,48
纯,48
铢,48
炬,48
摐,48
愆,48
戾,48
燃,48
厄,48
迅,48
躞,48
沱,48
准,48
猱,48
杞,48
紧,48
碾,48
浐,48
c,48
查,48
蚌,48
罅,48
爨,47
演,47
盟,47
竽,47
襜,47
搅,47
萄,47
斛,47
飐,47
捉,47
孩,47
觌,47
澌,47
鵩,47
芍,47
笏,47
篮,47
遏,47
、,47
兢,46
邃,46
甍,46
笥,46
泫,46
铓,46
攸,46
拏,46
赪,46
汩,46
煦,46
毵,46
橹,46
镳,46
荪,46
堵,46
罹,46
讹,46
躇,46
汞,46
轨,45
锐,45
曦,45
茏,45
欤,45
劈,45
屣,45
瞳,45
伎,45
聋,45
掘,45
谕,45
穑,45
妹,45
畬,45
敝,45
碌,45
葺,45
醑,44
懿,44
亘,44
辂,44
竦,44
勃,44
罴,44
娜,44
骀,44
卤,44
啮,44
诫,44
砺,44
々,44
篷,44
暾,44
氅,44
蠢,44
嵌,44
偕,44
帻,44
蒋,44
孱,44
宏,43
胄,43
恢,43
飨,43
铎,43
镐,43
飗,43
骈,43
烝,43
颙,43
庖,43
墉,43
曩,43
诘,43
酤,43
哺,43
垠,43
婷,43
吝,43
狸,43
沮,43
绾,43
寤,43
啻,43
缴,43
麈,43
翟,43
耗,43
衿,43
朮,43
耘,43
鸽,43
蔷,43
寮,43
谯,42
窣,42
陕,42
卦,42
币,42
缉,42
翕,42
佯,42
岱,42
惚,42
祢,42
辖,42
渝,42
珀,42
咿,42
秽,42
狡,42
刮,42
淇,42
讳,42
唾,42
滂,42
g,42
蛱,42
迂,42
偎,42
较,42
诮,42
饷,42
皤,42
翥,42
级,42
概,42
抄,42
猗,41
鴒,41
昊,41
统,41
琥,41
斥,41
睢,41
邵,41
鄂,41
聘,41
苎,41
疠,41
鹚,41
泷,41
蔚,41
魑,41
哂,41
蜗,41
袴,41
螺,41
陨,40
驶,40
垓,40
亨,40
彝,40
惶,40
臭,40
炳,40
鋋,40
甄,40
黜,40
完,40
炀,40
弭,40
译,40
绠,40
聒,40
隶,40
绯,40
鹍,40
侄,40
禊,40
霾,40
腮,40
蜕,40
镊,40
泼,40
粤,39
嵋,39
罩,39
氓,39
撞,39
醇,39
邕,39
阕,39
讯,39
祉,39
槽,39
隗,39
弁,39
麓,39
姝,39
娶,39
幰,39
泱,39
珥,39
壳,39
抬,39
喘,39
簸,39
赦,39
铛,39
湟,39
5,39
蟹,39
睇,39
旻,39
例,39
歧,39
究,39
隰,38
璇,38
逮,38
磻,38
拒,38
俾,38
距,38
恳,38
輧,38
谦,38
玷,38
聆,38
臻,38
夤,38
摄,38
曼,38
谑,38
枿,38
轰,38
弩,38
砖,38
姮,38
倪,38
镫,38
虱,38
楸,38
弋,38
甑,38
刊,38
苕,38
枳,38
篙,38
鲵,37
殚,37
肇,37
奖,37
祯,37
签,37
匏,37
寅,37
蚩,37
刈,37
鶱,37
噬,37
拓,37
黠,37
漓,37
牍,37
勾,37
纠,37
悯,37
荚,37
骛,37
逦,37
剃,37
罄,36
诈,36
浃,36
泯,36
粳,36
桢,36
憧,36
箜,36
篌,36
忡,36
秃,36
咬,36
诡,36
羯,36
骠,36
卵,36
憀,36
蓠,36
潼,36
贳,36
皑,36
晤,36
轲,36
淬,36
仄,36
淙,36
矻,36
孜,36
摅,35
绥,35
孕,35
褥,35
蘸,35
奁,35
馈,35
崦,35
赭,35
嶮,35
阍,35
朅,35
舷,35
茆,35
臼,35
绫,35
杓,35
祛,35
沤,35
罚,35
讥,35
钥,35
蹬,35
瞬,35
汨,35
鄱,35
烘,35
覃,34
斝,34
髦,34
硕,34
醍,34
抃,34
裨,34
洮,34
辗,34
旐,34
漭,34
划,34
箴,34
輈,34
鞅,34
么,34
廪,34
茹,34
榔,34
璋,34
炯,34
柽,34
娄,34
郄,34
铮,34
钏,33
坰,33
愉,33
刁,33
牺,33
臧,33
蹶,33
觑,33
亥,33
卞,33
挠,33
鶺,33
缪,33
刳,33
虺,33
绰,33
粪,33
舻,33
鸬,33
鸶,33
瀰,33
旟,33
甿,33
壖,33
卯,33
蹭,33
嘹,33
饼,33
耒,33
踊,33
芹,33
椿,33
你,33
瀚,32
颖,32
伪,32
兕,32
罘,32
逵,32
婺,32
璜,32
蹴,32
鹥,32
熠,32
喔,32
洼,32
谱,32
邂,32
逅,32
粥,32
孀,32
泸,32
蜻,32
嶔,32
崒,32
淘,32
怳,32
腴,32
鲲,32
迨,32
谴,32
堠,32
咒,32
痍,32
衬,32
撚,32
侈,31
炽,31
觐,31
聿,31
囷,31
普,31
缇,31
叛,31
飔,31
龚,31
铙,31
审,31
：,31
匕,31
惩,31
酡,31
荑,31
评,31
睥,31
睛,31
醐,31
鞲,31
燥,31
蜺,31
孽,31
汶,31
殃,31
荜,31
缙,31
屹,31
询,31
懦,31
芋,31
现,31
湫,31
闇,31
姥,31
孥,31
酥,31
卸,31
脍,31
踞,31
楠,31
叉,31
缟,30
鹜,30
桴,30
谧,30
贰,30
骞,30
燧,30
绀,30
笾,30
砥,30
晔,30
繇,30
芟,30
攘,30
贴,30
攫,30
辚,30
鸮,30
蜉,30
眩,30
纛,30
釭,30
蝼,30
蘼,30
罾,30
闉,30
跋,30
蘅,30
樗,30
驳,30
啜,30
骆,30
陬,30
h,30
胭,30
潢,29
遒,29
巩,29
猖,29
絜,29
埒,29
绦,29
鞞,29
冽,29
畋,29
浚,29
噫,29
絷,29
翾,29
鼋,29
茔,29
啧,29
譬,29
晡,29
绸,29
蜘,29
溆,29
舁,29
镝,29
瑜,29
沆,29
棕,29
剌,29
挫,29
罟,29
苓,29
隍,29
濠,29
冗,29
甥,29
迍,29
蜓,29
鹳,29
獬,29
鬐,29
皴,29
旰,28
轼,28
嘱,28
蠲,28
酺,28
鞘,28
泳,28
鸷,28
渎,28
豚,28
祁,28
棺,28
笈,28
橡,28
帚,28
荠,28
脊,28
盲,28
熬,28
牒,28
猪,28
杲,28
峙,28
钻,28
涡,28
亹,28
撷,28
鴂,28
呦,28
槊,28
伽,28
獭,28
这,28
晃,27
琯,27
崿,27
帟,27
揆,27
拊,27
撤,27
栾,27
溉,27
阐,27
祐,27
允,27
匿,27
騕,27
缃,27
燠,27
p,27
驎,27
鹯,27
堰,27
嘤,27
舴,27
艋,27
捎,27
赍,27
魍,27
鼯,27
艘,27
忤,27
塍,27
黾,27
椎,27
菩,27
颢,27
猕,27
逊,27
喃,27
沴,26
镛,26
哗,26
汪,26
胤,26
僵,26
曨,26
栅,26
诬,26
缯,26
槌,26
睫,26
蝣,26
孑,26
罂,26
绁,26
喝,26
伺,26
骓,26
亸,26
甜,26
鶗,26
橙,26
馁,26
诤,26
荏,26
嗅,26
抹,26
皱,26
鹈,26
掀,26
繻,25
囿,25
虐,25
虢,25
跂,25
酎,25
奄,25
涣,25
鬻,25
勺,25
帜,25
魁,25
湮,25
䴔,25
䴖,25
飧,25
慑,25
！,25
蜩,25
鷃,25
缗,25
腑,25
鹪,25
椽,25
檗,25
璨,25
瀼,25
滪,25
蝗,25
厕,25
嘒,25
沂,25
魉,25
v,25
祓,25
鳷,25
柿,25
沌,25
咎,25
瘵,25
w,25
宓,25
靴,25
励,24
晷,24
纂,24
缬,24
侔,24
汜,24
粢,24
柝,24
篪,24
躔,24
悼,24
絺,24
跄,24
玺,24
彗,24
茕,24
羔,24
喂,24
拢,24
螀,24
巇,24
徭,24
估,24
鞮,24
酹,24
姊,24
哮,24
騑,24
蔻,24
鳏,24
锸,24
躁,24
摵,24
蔗,24
蘖,24
熔,24
槃,24
坳,24
篸,24
疗,24
荤,24
茯,24
厘,24
鲂,24
熨,24
瀣,24
萃,23
涘,23
钉,23
详,23
矰,23
祲,23
圜,23
弗,23
腋,23
嶷,23
拯,23
泮,23
斡,23
雰,23
婀,23
咆,23
纩,23
玫,23
糠,23
浥,23
箬,23
霅,23
菼,23
窘,23
菁,23
耨,23
鄠,23
锤,23
窍,23
昙,23
嫉,23
蓍,23
欃,23
办,23
謇,23
茜,23
蚋,23
诜,23
培,23
瘼,22
釐,22
饫,22
葆,22
觏,22
坻,22
襞,22
圻,22
雹,22
缧,22
黩,22
碓,22
褷,22
胝,22
褵,22
拗,22
荥,22
措,22
滕,22
牟,22
筮,22
戆,22
谄,22
畎,22
蛊,22
该,22
涪,22
揄,22
潏,22
蛤,22
澒,22
楞,22
抢,22
怏,22
焙,22
琤,22
q,21
纽,21
炫,21
宥,21
睦,21
踵,21
籞,21
灿,21
r,21
勖,21
娲,21
晰,21
伟,21
娈,21
垫,21
溃,21
驮,21
赎,21
缤,21
脐,21
蛄,21
摛,21
嫂,21
瓠,21
虿,21
鹩,21
彷,21
褊,21
薙,21
舰,21
緌,21
豕,21
鸑,21
赓,21
鹆,21
赁,21
弈,21
瞪,21
臊,21
瘿,21
痊,21
惰,21
畹,21
核,20
匮,20
咤,20
蕣,20
贲,20
矩,20
荃,20
鬯,20
凑,20
黼,20
贷,20
缊,20
绍,20
阱,20
桔,20
槔,20
盱,20
笄,20
缰,20
矗,20
蟪,20
夐,20
旎,20
鞚,20
斓,20
蔟,20
押,20
仅,20
埙,20
痾,20
弛,20
藁,20
鹑,20
肿,20
璠,20
y,20
鳣,20
箪,20
厢,20
螯,20
蝙,20
磔,20
鷟,20
樟,20
珉,20
缲,20
硎,20
糊,20
罨,20
罝,19
嶙,19
糵,19
括,19
粹,19
沁,19
苡,19
蚃,19
皪,19
蜿,19
罳,19
狙,19
縻,19
牌,19
兜,19
缦,19
鞬,19
刖,19
甯,19
枻,19
咍,19
础,19
毅,19
瞑,19
搦,19
蛸,19
徨,19
峄,19
娼,19
x,19
址,19
沣,19
琰,19
斐,19
鸲,19
敏,19
匙,19
壅,19
饧,19
畜,19
媸,19
贬,19
褚,19
绘,19
爷,19
蝠,19
酂,19
芡,19
胫,19
篦,19
鸊,19
衒,19
薝,19
毯,19
弼,18
纫,18
崤,18
埏,18
醁,18
琨,18
祜,18
绎,18
歊,18
瘗,18
霈,18
妥,18
毙,18
募,18
悒,18
繐,18
谀,18
肖,18
鉏,18
芥,18
侮,18
吻,18
騄,18
罽,18
葑,18
靓,18
汍,18
拽,18
婕,18
妤,18
澥,18
滉,18
删,18
輶,18
衽,18
茑,18
恕,18
铩,18
忿,18
菑,18
淄,18
沄,18
瀍,18
狮,18
扼,18
迦,18
疟,18
愍,18
佗,18
壕,18
谛,18
苜,18
耦,18
桁,18
谔,18
s,18
闵,18
槭,18
蝀,18
呻,18
确,18
縆,18
栎,18
滤,18
呕,18
撇,18
批,18
栀,18
佣,18
勘,18
霎,18
钲,17
酆,17
汭,17
汇,17
鹫,17
歈,17
蘩,17
簋,17
璿,17
琮,17
忒,17
缛,17
騂,17
肴,17
櫜,17
僭,17
趫,17
麛,17
楂,17
羿,17
滹,17
胁,17
矧,17
贩,17
赀,17
玦,17
旖,17
璀,17
釜,17
殒,17
蟏,17
舳,17
捶,17
挼,17
綦,17
掞,17
糜,17
睽,17
喈,17
晼,17
恓,17
廨,17
菽,17
忉,17
廛,17
锷,17
燋,17
谶,17
荦,17
玙,17
袷,17
娆,17
皙,17
丙,17
燮,17
蓿,17
惘,17
镮,17
酪,17
澧,17
舶,17
骂,17
挛,17
莠,17
硬,17
悭,17
仝,17
騃,17
赚,17
哢,16
丕,16
技,16
庑,16
汰,16
肸,16
绚,16
燔,16
怠,16
赩,16
歼,16
悍,16
舣,16
侪,16
蒺,16
荼,16
魈,16
饲,16
涴,16
倜,16
葡,16
沚,16
蠖,16
愠,16
懵,16
纭,16
飓,16
遘,16
舲,16
隽,16
揶,16
薏,16
k,16
偻,16
蕲,16
貊,16
蘧,16
裯,16
螮,16
殢,16
u,16
醯,16
欧,16
捋,16
诃,16
舐,16
哦,16
馋,16
孚,15
岌,15
篚,15
丱,15
佾,15
恺,15
戊,15
纁,15
盎,15
炮,15
嗥,15
a,15
恽,15
茭,15
旸,15
挝,15
泞,15
跌,15
嫣,15
楣,15
斅,15
璁,15
吓,15
昃,15
纥,15
髡,15
琚,15
诠,15
媛,15
搢,15
钳,15
蒐,15
绨,15
蓊,15
稗,15
樾,15
衅,15
崭,15
醲,15
圄,15
舠,15
敖,15
柁,15
湔,15
3,15
翚,15
啁,15
轓,15
苫,15
齑,15
栱,15
镆,15
潈,15
售,15
鞯,15
袒,15
恂,15
痒,15
瞋,15
捻,15
粝,15
殇,15
揉,15
肚,15
缔,14
惸,14
鞠,14
撰,14
彬,14
牷,14
裕,14
黻,14
涿,14
莅,14
迭,14
褕,14
纮,14
澶,14
菅,14
葫,14
腓,14
豗,14
椰,14
捩,14
俪,14
阏,14
騣,14
鶬,14
呶,14
督,14
傞,14
懊,14
帕,14
P,14
苛,14
禺,14
皛,14
籝,14
蔑,14
棼,14
樛,14
颉,14
囹,14
嫠,14
髫,14
锻,14
噎,14
綍,14
喣,14
芃,14
擞,14
秤,14
耜,14
掺,14
逻,14
劬,14
畚,14
撒,14
矍,14
椹,14
妪,14
屟,14
雒,14
铦,14
玠,14
嘻,14
貅,14
檠,14
偿,14
砻,14
貙,14
寨,14
薨,13
醽,13
铨,13
饬,13
描,13
殄,13
G,13
畤,13
簴,13
脯,13
濬,13
豳,13
溥,13
跹,13
欷,13
騧,13
噤,13
鹴,13
啅,13
猰,13
筼,13
筜,13
砀,13
吒,13
猫,13
镬,13
刬,13
琛,13
麏,13
踉,13
绻,13
鹖,13
鬃,13
骁,13
沍,13
企,13
瘁,13
猾,13
陔,13
哥,13
鄢,13
溽,13
诲,13
瘠,13
嘿,13
鹇,13
翣,13
柰,13
捍,13
雘,13
庠,13
谠,13
铗,13
唼,13
琊,13
牝,13
谥,13
钤,13
戡,13
匐,13
俜,13
冏,13
譊,13
泚,13
晻,13
伛,13
觱,13
脔,13
铘,13
瘳,13
秧,13
淤,13
酉,13
谨,13
抉,13
撮,13
悰,13
挲,13
棚,13
棂,13
醨,13
伞,13
扳,13
裀,13
蓦,13
矮,13
伥,13
赆,12
踣,12
殉,12
蓐,12
撝,12
惫,12
孛,12
届,12
厓,12
嘏,12
雩,12
悌,12
醢,12
芗,12
橛,12
慝,12
絪,12
勍,12
鷇,12
惋,12
菟,12
锯,12
摽,12
擐,12
剜,12
j,12
膜,12
鹔,12
訇,12
浒,12
诟,12
笞,12
髀,12
陉,12
彪,12
脏,12
缱,12
邴,12
镰,12
恙,12
踬,12
峋,12
谖,12
揣,12
桄,12
嶓,12
摈,12
霪,12
椠,12
筏,12
咀,12
疴,12
T,12
阒,12
匍,12
霤,12
饴,12
詹,12
酱,12
骡,12
堡,12
狈,12
糁,12
菹,12
桀,12
龊,12
鼐,12
剔,12
暍,12
庳,12
胼,12
萨,12
搭,12
蚤,12
槲,12
叮,12
咛,12
伧,12
跛,12
狒,12
殽,11
怖,11
俘,11
需,11
袄,11
悚,11
祼,11
瓒,11
皦,11
昴,11
穟,11
挞,11
喙,11
钜,11
犒,11
炰,11
嵫,11
垦,11
吮,11
眦,11
绤,11
潾,11
篥,11
砑,11
蔫,11
髇,11
秕,11
i,11
跗,11
它,11
　,11
耋,11
苴,11
殡,11
奂,11
觊,11
茝,11
栝,11
郛,11
苹,11
铉,11
隧,11
鄽,11
枰,11
榇,11
桷,11
骕,11
骦,11
鲠,11
洑,11
髑,11
髅,11
麑,11
爆,11
簏,11
4,11
艎,11
硖,11
9,11
郗,11
箠,11
漕,11
柑,11
蚓,11
娩,11
浍,11
瘢,11
楷,11
愬,11
纣,11
簦,11
繄,11
洳,11
讫,11
鹞,11
赜,11
濮,11
杷,11
亢,11
蒯,11
侏,11
轗,11
硉,11
匼,11
顼,11
肓,11
瓷,11
朕,11
B,11
榱,11
m,11
餔,11
o,11
禳,11
螟,11
脾,11
狷,11
惺,11
t,11
嘴,11
泡,11
l,10
亟,10
轘,10
湎,10
霢,10
2,10
膋,10
僾,10
辑,10
迓,10
佑,10
H,10
嗢,10
楯,10
绷,10
缋,10
F,10
弢,10
猬,10
貐,10
枨,10
篲,10
惴,10
澡,10
砉,10
孳,10
堙,10
E,10
诧,10
菉,10
J,10
郅,10
枌,10
憨,10
磐,10
轶,10
韫,10
骘,10
赘,10
鳃,10
闍,10
鲔,10
聃,10
襆,10
辋,10
徯,10
靃,10
跬,10
邢,10
訾,10
K,10
壈,10
崚,10
酋,10
叆,10
踠,10
嗈,10
殆,10
剽,10
郴,10
儋,10
渑,10
雇,10
沔,10
鲊,10
韭,10
硗,10
莳,10
溘,10
跖,10
赡,10
嫫,10
摭,10
龌,10
叵,10
姨,10
歉,10
喽,10
枇,10
粼,10
瓴,10
殳,10
颛,10
猊,10
噀,10
瑀,10
暨,10
蒜,10
搓,10
灺,10
訏,10
盻,10
喁,10
黥,10
耄,10
瞽,10
颣,10
爬,10
溷,10
觚,10
龂,10
刓,10
蟒,10
篾,10
閈,9
怵,9
霂,9
姒,9
艮,9
驔,9
逖,9
鏚,9
苾,9
0,9
皞,9
徉,9
胙,9
咳,9
珩,9
鄜,9
稿,9
瞢,9
讙,9
蕺,9
瞒,9
蝥,9
砰,9
艑,9
脰,9
伉,9
唅,9
贸,9
跑,9
愀,9
莞,9
轹,9
袋,9
烜,9
脤,9
串,9
藟,9
坱,9
侃,9
剿,9
崛,9
陴,9
玖,9
忏,9
侨,9
颡,9
闤,9
阂,9
阯,9
键,9
碕,9
桎,9
觇,9
膂,9
洟,9
嶒,9
壬,9
媪,9
灉,9
猥,9
棨,9
筲,9
睐,9
朣,9
槟,9
跕,9
鲋,9
娅,9
抖,9
屩,9
氎,9
跧,9
膊,9
栩,9
剸,9
疹,9
哳,9
玛,9
瑙,9
稊,9
梏,9
C,9
苻,9
裸,9
晁,9
悁,9
愕,9
灸,9
昉,9
8,9
蝎,9
巂,9
觋,9
疫,9
郤,9
彀,9
抡,9
胚,9
魇,9
捽,9
缶,9
垤,9
砢,9
诳,9
噞,9
渗,9
煤,9
仔,9
簌,9
镀,9
篘,9
獐,8
嶪,8
簠,8
黝,8
豢,8
爚,8
鸩,8
犷,8
柢,8
窸,8
篡,8
毋,8
褧,8
谲,8
煨,8
帱,8
崷,8
滇,8
蝮,8
螫,8
缫,8
掊,8
鳜,8
券,8
虮,8
溱,8
洧,8
阪,8
隩,8
洎,8
麇,8
雊,8
簳,8
荄,8
舛,8
僰,8
穀,8
拉,8
苶,8
购,8
俞,8
牂,8
礴,8
劾,8
喑,8
幨,8
狴,8
饔,8
辎,8
艅,8
L,8
橦,8
渟,8
蚯,8
奫,8
懔,8
荟,8
悖,8
锢,8
乂,8
轭,8
硾,8
浼,8
歔,8
獠,8
锱,8
荛,8
纺,8
塌,8
蜒,8
榾,8
龉,8
搰,8
狻,8
诋,8
踔,8
琬,8
饕,8
稂,8
惛,8
n,8
剉,8
殂,8
栴,8
彴,8
睒,8
靳,8
厖,8
裈,8
傩,8
Q,8
蜴,8
撄,8
很,8
莸,8
拶,8
褫,8
獒,8
壒,8
M,8
咚,8
袪,8
狺,8
痏,8
黳,8
蔌,8
胯,8
桦,8
骰,8
煞,8
靸,8
唠,8
篑,7
1,7
殖,7
粽,7
柞,7
牴,7
赉,7
眊,7
锽,7
湜,7
昕,7
戺,7
鍪,7
揲,7
摸,7
璎,7
赂,7
戌,7
炅,7
騞,7
貉,7
毰,7
毸,7
斒,7
遝,7
祆,7
隤,7
笃,7
漙,7
蓁,7
馘,7
斿,7
圯,7
袿,7
恧,7
怿,7
蓧,7
涅,7
淀,7
崟,7
漩,7
籀,7
侥,7
炜,7
闠,7
躧,7
漘,7
慊,7
洏,7
噭,7
谆,7
抨,7
虻,7
纆,7
痼,7
叇,7
褓,7
巑,7
喟,7
芮,7
椅,7
墩,7
圮,7
洫,7
抓,7
跏,7
鲭,7
捞,7
哕,7
趺,7
麚,7
岏,7
眈,7
獮,7
洸,7
鈇,7
疚,7
牦,7
榈,7
I,7
V,7
甬,7
癸,7
祟,7
镒,7
懑,7
羖,7
鞶,7
縢,7
悢,7
蹐,7
陡,7
犍,7
讦,7
倔,7
跣,7
嵲,7
礧,7
邠,7
谍,7
疣,7
龃,7
汁,7
琏,7
塿,7
赑,7
癫,7
玃,7
爻,7
欸,7
驸,7
酢,7
苌,7
螂,7
榷,7
A,7
疼,7
杆,7
頫,7
觫,7
U,7
栌,7
磋,7
牁,7
飚,7
淝,7
幺,7
俚,7
N,7
嚚,7
佚,7
鳅,7
哓,7
甪,7
凸,7
筛,7
窑,7
郦,7
圹,7
瘤,7
摴,7
挪,7
遄,6
睟,6
裒,6
璆,6
颀,6
侑,6
斁,6
裆,6
箙,6
氐,6
膘,6
邳,6
溧,6
揩,6
绞,6
趚,6
刜,6
佶,6
躩,6
拦,6
鐍,6
樕,6
俶,6
铍,6
黮,6
鳍,6
鵊,6
惝,6
藐,6
嶰,6
邗,6
磕,6
禖,6
町,6
澨,6
楮,6
鞦,6
滢,6
鬒,6
阈,6
飋,6
壹,6
瑾,6
畛,6
兑,6
灂,6
汧,6
彯,6
诙,6
曀,6
罛,6
妩,6
呗,6
鞴,6
佺,6
滚,6
儗,6
刎,6
郧,6
宕,6
兖,6
槠,6
锉,6
醋,6
鳊,6
忖,6
妲,6
肮,6
蔺,6
幹,6
帼,6
嗽,6
皖,6
醵,6
蒱,6
氍,6
毹,6
诔,6
逤,6
械,6
籴,6
R,6
渼,6
瑗,6
靦,6
嵽,6
O,6
骼,6
铲,6
龁,6
鱍,6
洿,6
堇,6
艓,6
胃,6
苋,6
屃,6
鲫,6
盍,6
鶂,6
痹,6
怛,6
钞,6
阀,6
艨,6
栲,6
榕,6
辐,6
啬,6
甓,6
晌,6
螳,6
钢,6
谌,6
觳,6
S,6
龆,6
饤,6
闯,6
誾,6
7,6
潴,6
焘,6
憯,6
矹,6
瘥,6
嗾,6
忸,6
賸,6
賨,6
赳,6
搀,6
扎,6
詈,6
罡,6
X,6
颤,6
璘,6
玢,6
肋,6
荞,6
鏦,6
艛,6
W,6
嘎,6
漦,6
髟,6
-,6
莘,5
筦,5
鄣,5
潞,5
螽,5
毓,5
洊,5
蹁,5
獯,5
徜,5
迪,5
秬,5
祧,5
掎,5
趯,5
馹,5
岗,5
鸀,5
鳿,5
槚,5
痈,5
睚,5
综,5
屼,5
綷,5
糯,5
镪,5
呃,5
哇,5
楗,5
岨,5
衩,5
弰,5
黤,5
胪,5
袨,5
旍,5
阚,5
枋,5
摹,5
箦,5
锜,5
锧,5
粕,5
缵,5
蜚,5
踡,5
怊,5
怃,5
幛,5
焜,5
寀,5
捃,5
偲,5
褪,5
鬲,5
菂,5
岿,5
囋,5
赧,5
笮,5
殛,5
溠,5
墠,5
彘,5
喋,5
贿,5
磅,5
輼,5
杕,5
驩,5
羝,5
歙,5
恪,5
雎,5
诩,5
倭,5
螓,5
洙,5
踘,5
牸,5
垞,5
湃,5
鹒,5
圉,5
鞿,5
崱,5
6,5
桹,5
缮,5
嵊,5
赣,5
靫,5
躠,5
媾,5
辫,5
悸,5
鬘,5
呷,5
蟊,5
挤,5
棒,5
腠,5
瓣,5
枸,5
绋,5
帑,5
窭,5
迕,5
鹙,5
掁,5
苣,5
鶢,5
鶋,5
矿,5
黧,5
麽,5
擿,5
摊,5
箑,5
嫱,5
锼,5
潓,5
綖,5
謏,5
醭,5
谘,5
鲧,5
匄,5
秫,5
觿,5
噆,5
拚,5
襁,5
歠,5
蜥,5
枷,5
哆,5
睎,5
憾,5
搒,5
澎,5
咋,5
侦,5
漼,5
靺,5
吭,5
諴,5
臲,5
睆,5
杠,5
桩,5
婪,5
圈,5
螗,5
髽,5
肪,5
挚,5
嘐,5
螬,5
薅,5
饘,5
瑛,5
缒,5
齰,5
擫,5
葓,5
蛴,5
蚨,5
茁,5
痰,5
倅,5
纰,5
谮,5
噢,5
邽,5
D,5
椑,5
恁,5
凹,5
挨,5
漴,5
翙,5
虓,5
阤,5
黦,5
港,5
拌,5
,5
撏,5
蠚,5
笭,5
箵,5
荈,5
藋,5
郝,5
霙,4
闓,4
晬,4
糦,4
冱,4
槱,4
禗,4
贽,4
飶,4
妫,4
鼗,4
隮,4
慌,4
箾,4
骜,4
靶,4
谹,4
輀,4
啑,4
砯,4
眢,4
燑,4
鼹,4
蛚,4
磥,4
浯,4
酦,4
萁,4
靮,4
澳,4
嫭,4
纾,4
泌,4
墐,4
奭,4
煴,4
烨,4
颃,4
糅,4
龠,4
戋,4
埴,4
酴,4
懋,4
橑,4
椁,4
跚,4
悱,4
劘,4
觎,4
嚘,4
駮,4
窿,4
祅,4
舼,4
蜊,4
涝,4
嵸,4
坷,4
纚,4
濞,4
呱,4
糗,4
蠛,4
蠓,4
扞,4
猃,4
屴,4
蜮,4
眙,4
霮,4
溳,4
琇,4
寘,4
熹,4
饪,4
葹,4
蹩,4
秭,4
蹂,4
塠,4
悛,4
杌,4
镗,4
箝,4
裋,4
嫜,4
曚,4
巃,4
柜,4
鸨,4
楩,4
咂,4
嬖,4
盾,4
讟,4
魃,4
籺,4
臬,4
桠,4
眯,4
搪,4
蹻,4
笱,4
粔,4
籹,4
坯,4
镡,4
Y,4
Z,4
艟,4
娭,4
嫡,4
沨,4
礿,4
钐,4
枞,4
蟢,4
诹,4
凊,4
蛭,4
砆,4
囝,4
闳,4
囤,4
酽,4
膴,4
灏,4
揎,4
悫,4
赈,4
癯,4
镃,4
寔,4
诅,4
甔,4
鶹,4
媲,4
駉,4
芼,4
岣,4
嵝,4
鲐,4
玻,4
燖,4
髹,4
讪,4
鬖,4
攕,4
昵,4
腔,4
嚵,4
蛆,4
葚,4
烻,4
怙,4
緺,4
颾,4
鏖,4
痿,4
蠕,4
椟,4
丫,4
菘,4
惇,4
絣,4
枘,4
喓,4
鷕,4
磑,4
卨,4
臛,4
弝,4
漻,4
瓘,4
柙,4
麸,4
卼,4
坌,4
詀,4
哽,4
縿,4
鵮,4
罯,4
疽,4
爞,4
儆,4
襭,4
跙,4
勷,4
倨,4
窒,4
捺,4
棉,4
棁,4
蟭,4
篝,4
窖,4
褴,4
潎,4
□,4
汃,4
闒,4
猘,4
埭,4
眽,4
沩,4
兟,4
痺,4
伋,4
楖,4
爝,4
爣,4
偪,4
齾,4
跁,4
跒,4
蟉,4
锅,4
捏,4
撅,4
幞,4
麴,4
恹,4
柮,4
栳,4
搬,4
蕈,4
簉,3
殪,3
浏,3
侁,3
芣,3
伣,3
禔,3
朏,3
棽,3
巽,3
祺,3
竁,3
梡,3
谂,3
蟺,3
啐,3
煁,3
檿,3
俩,3
擂,3
霿,3
勩,3
涬,3
鼷,3
茄,3
爟,3
嚱,3
蓪,3
艚,3
膑,3
筚,3
衱,3
葶,3
跞,3
詟,3
趢,3
铰,3
黈,3
翿,3
髵,3
濉,3
媵,3
轫,3
蒟,3
獝,3
枍,3
哙,3
诎,3
澍,3
倬,3
糈,3
穸,3
憬,3
箊,3
醿,3
瀺,3
赗,3
焮,3
屺,3
駰,3
痗,3
怍,3
垲,3
睩,3
茀,3
嚭,3
蝘,3
衎,3
焯,3
抶,3
暵,3
柩,3
岝,3
茇,3
忭,3
郐,3
毚,3
偓,3
繙,3
狁,3
蚍,3
菀,3
惄,3
芾,3
朐,3
珣,3
窱,3
餗,3
燀,3
媭,3
躃,3
鰕,3
顗,3
滁,3
缡,3
炱,3
昳,3
碨,3
磈,3
锒,3
赒,3
枹,3
糇,3
镵,3
厮,3
歃,3
獍,3
駊,3
騀,3
瑱,3
趼,3
亵,3
旓,3
埤,3
㧐,3
镟,3
郿,3
桤,3
豉,3
迮,3
郇,3
暐,3
慅,3
懹,3
羾,3
仡,3
绐,3
耰,3
袯,3
襫,3
碔,3
砭,3
鬌,3
鳐,3
沪,3
畲,3
抔,3
菶,3
讷,3
簨,3
圞,3
窡,3
庀,3
祔,3
碇,3
逑,3
梠,3
袤,3
夬,3
麰,3
犴,3
崧,3
軏,3
嫪,3
拿,3
桅,3
楛,3
唏,3
秸,3
磹,3
跟,3
骭,3
劖,3
窞,3
歜,3
硠,3
捭,3
黐,3
偬,3
丐,3
鳄,3
蠃,3
跽,3
颏,3
簁,3
腿,3
猧,3
玓,3
瓅,3
褎,3
臑,3
佥,3
笆,3
嗄,3
饩,3
熇,3
趑,3
趄,3
唁,3
炒,3
黁,3
罻,3
胛,3
殑,3
瞎,3
谜,3
掐,3
踦,3
搊,3
蚬,3
鳲,3
酗,3
璺,3
刲,3
賝,3
纴,3
璪,3
稹,3
蝝,3
蚳,3
赃,3
嗫,3
嚅,3
鍧,3
胞,3
憁,3
鹕,3
筤,3
鬇,3
鬡,3
铫,3
粜,3
蕟,3
酅,3
糕,3
颅,3
郏,3
鄏,3
劻,3
剂,3
菸,3
蟛,3
硫,3
碟,3
弮,3
垩,3
廒,3
腷,3
朿,3
莩,3
婑,3
髆,3
狠,3
釱,3
鹬,3
紊,3
痟,3
阄,3
俣,3
譀,3
逭,3
揠,3
帩,3
嚗,3
泂,3
陊,3
蜞,3
疥,3
瓟,3
瑊,3
隵,3
瓿,3
挶,3
擗,3
璈,3
瞠,3
灊,3
怩,3
挣,3
搵,3
缜,3
圠,3
噇,3
屎,3
畯,2
壝,2
煠,2
旞,2
敔,2
饎,2
珽,2
藨,2
跱,2
溓,2
忾,2
胖,2
蟜,2
毖,2
铏,2
甒,2
滮,2
凘,2
藾,2
钑,2
鍮,2
駖,2
聂,2
禜,2
稙,2
骣,2
鎚,2
鳝,2
苈,2
竫,2
杙,2
趗,2
髤,2
轵,2
祊,2
幪,2
昶,2
薯,2
蓣,2
麨,2
轪,2
墄,2
饁,2
钮,2
镕,2
莛,2
忱,2
泆,2
盬,2
媞,2
啴,2
漎,2
厝,2
鞟,2
眚,2
亳,2
觺,2
蒀,2
榰,2
缌,2
杈,2
瀵,2
窋,2
鎛,2
蛉,2
洚,2
萑,2
抠,2
嶛,2
绺,2
轒,2
抒,2
汐,2
萐,2
婗,2
戃,2
濙,2
绌,2
搥,2
窌,2
瞀,2
醥,2
郯,2
鵕,2
鸃,2
螉,2
皈,2
咥,2
躨,2
跜,2
矇,2
騊,2
駼,2
媮,2
猵,2
徕,2
縯,2
梐,2
枑,2
潆,2
眶,2
慆,2
岊,2
仳,2
岵,2
窳,2
铪,2
迳,2
黕,2
穊,2
鳸,2
嶅,2
獗,2
儓,2
舵,2
笴,2
僴,2
楥,2
佽,2
鎗,2
黪,2
適,2
梼,2
鳗,2
祏,2
鞳,2
踆,2
嵂,2
嶱,2
咷,2
轾,2
峞,2
尪,2
窀,2
駪,2
楢,2
彖,2
鸹,2
墍,2
帢,2
穾,2
榉,2
鲑,2
郫,2
柈,2
淰,2
箐,2
荩,2
塉,2
奰,2
秞,2
浘,2
禧,2
梫,2
橚,2
梴,2
嶘,2
瘀,2
嵺,2
窊,2
珈,2
錏,2
鍜,2
繂,2
踸,2
蹢,2
鲦,2
勣,2
茙,2
螾,2
祃,2
芩,2
铠,2
遰,2
窝,2
璩,2
玼,2
幮,2
襕,2
缏,2
戕,2
詧,2
慥,2
嵕,2
廞,2
襻,2
卺,2
紃,2
龀,2
髧,2
恇,2
踧,2
踖,2
耇,2
岔,2
饾,2
鬝,2
狃,2
僦,2
薿,2
鸺,2
吺,2
潬,2
輗,2
剞,2
劂,2
鹣,2
垡,2
侹,2
澾,2
筳,2
奡,2
郜,2
匦,2
睗,2
窾,2
靷,2
箘,2
肾,2
俙,2
嚄,2
臀,2
憸,2
俳,2
虥,2
鳟,2
讣,2
帨,2
丳,2
睍,2
扛,2
胮,2
肛,2
癃,2
薋,2
煼,2
倥,2
鲎,2
唶,2
狯,2
罫,2
郾,2
輴,2
苽,2
庥,2
鹎,2
蒻,2
餬,2
袚,2
粻,2
瘕,2
姱,2
劭,2
锾,2
娴,2
隟,2
蛑,2
畸,2
躏,2
煽,2
嗛,2
髐,2
怦,2
裓,2
熛,2
膈,2
翌,2
嗉,2
邬,2
廖,2
瑽,2
抆,2
罤,2
磓,2
鯹,2
喢,2
洺,2
窆,2
傀,2
眨,2
燂,2
僎,2
愎,2
韂,2
毾,2
忪,2
鞓,2
鲕,2
褶,2
涷,2
簝,2
铤,2
嗗,2
眹,2
呐,2
諵,2
綟,2
颒,2
埘,2
狰,2
怗,2
埂,2
阽,2
僇,2
症,2
僜,2
胀,2
呙,2
啀,2
檞,2
痎,2
泅,2
羜,2
镩,2
邘,2
砦,2
燐,2
輠,2
淆,2
骹,2
垛,2
咙,2
氾,2
趵,2
璟,2
謥,2
呿,2
珙,2
圢,2
盯,2
痡,2
絇,2
倖,2
餱,2
紖,2
俫,2
樀,2
殍,2
瞌,2
焱,2
咻,2
瓤,2
褾,2
某,2
蓰,2
籊,2
齶,2
莪,2
蝈,2
瑳,2
堋,2
眓,2
喌,2
穜,2
酕,2
醄,2
噰,2
鮹,2
尨,2
餍,2
幖,2
婥,2
鞔,2
摋,2
劼,2
弇,2
鰌,2
柹,2
蛦,2
鈋,2
痔,2
瞍,2
廌,2
鬅,2
雭,2
鉎,2
碪,2
筥,2
耍,2
馑,2
洵,2
咩,2
呴,2
泐,2
啘,2
塑,2
茉,2
莉,2
麖,2
嚏,2
簺,2
镏,2
惔,2
撦,2
呫,2
哄,2
笯,2
猭,2
艒,2
蟚,2
瘃,2
肭,2
噱,2
毣,2
遛,2
瘇,2
玎,2
璚,2
栟,2
攂,2
毿,2
峉,2
礊,2
鸓,2
癣,2
艖,2
粣,2
罱,2
枲,2
滫,2
蚴,2
篓,2
饽,2
黴,2
摷,2
獑,2
杴,2
螊,2
蕝,2
矼,2
鎞,2
苮,2
襹,2
跫,2
墢,2
氃,2
氋,2
炁,2
刿,2
汊,2
腒,2
渫,2
恚,2
撶,2
筰,2
螖,2
睬,2
摒,2
虩,2
檇,2
梃,2
蝤,2
黉,2
泙,2
鞇,2
愯,2
噩,2
澼,2
靠,2
瀹,2
佼,2
黟,2
綀,2
淦,2
迄,2
龑,2
戙,2
蠙,2
噒,2
嫈,2
嫇,2
喤,2
硜,2
拲,2
婠,2
妠,2
蝹,2
矬,2
鹁,2
蘘,2
醦,2
阉,2
唝,2
侗,2
诐,2
荍,2
圪,2
箩,2
榸,2
擉,2
俋,2
怎,2
做,2
惣,2
袾,2
淈,2
猢,2
狲,2
岈,2
姐,2
霋,2
鲰,1
嶾,1
鄹,1
濊,1
柷,1
傧,1
餴,1
禩,1
钖,1
銙,1
拼,1
倢,1
縩,1
飉,1
鶤,1
鲟,1
躝,1
熸,1
緹,1
柎,1
晅,1
嵰,1
蚡,1
絓,1
禫,1
蚑,1
憺,1
嵥,1
鄬,1
鄀,1
羵,1
矖,1
斌,1
葐,1
脽,1
嵔,1
蓥,1
簃,1
媟,1
殣,1
礒,1
萯,1
鈜,1
姣,1
眴,1
豝,1
纕,1
侘,1
傺,1
阋,1
襮,1
捄,1
僖,1
襚,1
垌,1
榥,1
輤,1
侲,1
峿,1
钊,1
盭,1
郃,1
诒,1
嫛,1
锹,1
汛,1
隥,1
蕡,1
谳,1
洹,1
燬,1
鲨,1
疈,1
镉,1
蚪,1
滈,1
砝,1
翀,1
豨,1
嵡,1
糒,1
曭,1
鄄,1
埳,1
硼,1
簵,1
碻,1
磝,1
薖,1
浉,1
坨,1
椇,1
瀌,1
韡,1
譾,1
滍,1
浡,1
巿,1
鸒,1
駷,1
煊,1
舔,1
舕,1
毐,1
堌,1
涞,1
蹳,1
锈,1
穞,1
飍,1
袗,1
忺,1
祶,1
璐,1
滦,1
轥,1
蝌,1
矑,1
奎,1
噂,1
騋,1
礌,1
匌,1
剁,1
駃,1
堮,1
瀩,1
澴,1
狨,1
鴐,1
趿,1
杻,1
昈,1
鈚,1
榞,1
搤,1
哜,1
蕞,1
腆,1
溔,1
蔯,1
棆,1
郪,1
漰,1
棙,1
飁,1
抏,1
桉,1
桶,1
餮,1
櫐,1
拮,1
滏,1
瓀,1
銍,1
鷠,1
襰,1
愵,1
栭,1
禘,1
秈,1
橎,1
槢,1
椲,1
櫁,1
瘱,1
篻,1
橞,1
麧,1
藖,1
灒,1
熂,1
燝,1
禷,1
鱏,1
憍,1
攃,1
鎝,1
矐,1
萚,1
渀,1
浕,1
霃,1
韎,1
瀖,1
瀜,1
悝,1
磾,1
赟,1
礓,1
恄,1
扐,1
溴,1
嫚,1
鹾,1
扩,1
嫧,1
蒍,1
肄,1
唽,1
鷤,1
僸,1
缞,1
阼,1
刌,1
婐,1
磢,1
诂,1
噣,1
堛,1
怐,1
愗,1
鼬,1
譳,1
饙,1
馏,1
姤,1
酭,1
霣,1
髂,1
輵,1
踼,1
窙,1
蟩,1
狘,1
鷢,1
猲,1
躡,1
菢,1
珓,1
痁,1
伾,1
揃,1
韅,1
禨,1
爊,1
縓,1
膰,1
谽,1
釂,1
腭,1
赝,1
汕,1
薍,1
髿,1
駏,1
駬,1
耔,1
媕,1
呞,1
嵼,1
矕,1
哤,1
骴,1
箄,1
倕,1
觰,1
眵,1
妷,1
吷,1
蠔,1
哈,1
皰,1
淖,1
弨,1
坲,1
耵,1
聍,1
噍,1
撕,1
瞶,1
欂,1
輷,1
輘,1
繣,1
欙,1
噌,1
吰,1
囐,1
痱,1
癗,1
苯,1
穮,1
砗,1
磲,1
溵,1
胾,1
甈,1
鷔,1
熯,1
琫,1
秅,1
犘,1
煆,1
蕸,1
眭,1
齄,1
豭,1
鷨,1
浈,1
狦,1
獌,1
憪,1
瀄,1
鰅,1
鳙,1
狵,1
庨,1
酙,1
鱽,1
鼛,1
焄,1
罃,1
膇,1
禬,1
罦,1
槥,1
郈,1
蹠,1
僁,1
紬,1
謷,1
舋,1
硊,1
裼,1
栜,1
屳,1
樏,1
豩,1
餘,1
楝,1
佝,1
隃,1
蔵,1
柣,1
蛣,1
汔,1
倮,1
柧,1
椾,1
胔,1
傭,1
沲,1
浤,1
齖,1
齱,1
颰,1
擭,1
鲇,1
鳢,1
珞,1
掴,1
蔾,1
莴,1
躘,1
琲,1
瓃,1
掫,1
餫,1
窬,1
硝,1
飂,1
踍,1
礜,1
胘,1
潠,1
【,1
…,1
】,1
悺,1
鯈,1
檉,1
蠵,1
瀯,1
廿,1
輓,1
狢,1
舥,1
琭,1
柤,1
臡,1
訧,1
瀎,1
枒,1
赇,1
綛,1
鷣,1
癏,1
黫,1
觼,1
嬾,1
苙,1
姞,1
昞,1
襵,1
憘,1
,1
錞,1
竣,1
犉,1
酘,1
枮,1
瑿,1
鯾,1
碱,1
鎩,1
弸,1
黬,1
崴,1
鯄,1
鞙,1
黖,1
鐶,1
麃,1
铇,1
螃,1
螌,1
蛜,1
蝛,1
虙,1
瀴,1
晛,1
菇,1
碜,1
睺,1
绖,1
甽,1
穉,1
肦,1
谚,1
惉,1
沇,1
笡,1
腯,1
蜋,1
笲,1
墺,1
滃,1
镔,1
锺,1
阌,1
泜,1
诖,1
蜷,1
蹜,1
洱,1
硙,1
莨,1
煜,1
鞫,1
衄,1
霶,1
甋,1
褣,1
橄,1
榄,1
簈,1
檎,1
僬,1
訢,1
覙,1
燉,1
姉,1
惙,1
埇,1
盒,1
盝,1
蚏,1
昒,1
冁,1
疋,1
蜾,1
朘,1
珏,1
旺,1
鋾,1
攉,1
韍,1
壀,1
堄,1
镠,1
阬,1
濴,1
噓,1
瘉,1
蜲,1
蘗,1
鈌,1
揳,1
猓,1
桫,1
椤,1
睋,1
佻,1
荖,1
揁,1
葼,1
螵,1
闶,1
絸,1
麂,1
桕,1
埽,1
袎,1
樔,1
姆,1
躐,1
鉟,1
槬,1
僛,1
釦,1
蠀,1
娀,1
谡,1
艄,1
髲,1
呰,1
娣,1
恌,1
羉,1
罿,1
肶,1
礱,1
傈,1
衉,1
搉,1
咈,1
陑,1
綮,1
櫺,1
鼮,1
郓,1
湊,1
樧,1
齯,1
怔,1
缎,1
袝,1
芄,1
碡,1
佷,1
韣,1
峗,1
慽,1
襋,1
玞,1
胱,1
樬,1
噏,1
櫑,1
虆,1
灀,1
譸,1
廙,1
觯,1
墁,1
疢,1
型,1
坪,1
掿,1
袙,1
疻,1
簰,1
瞷,1
朄,1
憓,1
茈,1
绉,1
欬,1
緛,1
蚿,1
緶,1
辁,1
嘕,1
嬛,1
篿,1
鐉,1
蹎,1
懈,1
锔,1
鮛,1
裻,1
瘯,1
蝓,1
鍑,1
枵,1
噅,1
漶,1
輂,1
杝,1
闑,1
楶,1
疖,1
纑,1
儑,1
腽,1
鞺,1
讘,1
嗒,1
斨,1
劀,1
艗,1
瘮,1
簩,1
痞,1
焌,1
榅,1
蹒,1
痑,1
鞨,1
籦,1
鯆,1
筣,1
笓,1
齁,1
棫,1
瀡,1
醷,1
鱙,1
獳,1
篣,1
.,1
韧,1
偾,1
筕,1
篖,1
菭,1
蛀,1
葌,1
柬,1
溲,1
虈,1
鳆,1
亶,1
媠,1
胏,1
栺,1
髋,1
阺,1
摫,1
扊,1
扅,1
棿,1
跐,1
皲,1
轇,1
轕,1
鶻,1
筈,1
擖,1
鋞,1
橱,1
犨,1
腪,1
嵃,1
聱,1
耴,1
酾,1
佉,1
镣,1
籧,1
筁,1
璊,1
鴚,1
廑,1
椭,1
緵,1
稑,1
硩,1
簎,1
壸,1
灇,1
柖,1
坫,1
濎,1
塸,1
埞,1
榖,1
駴,1
蜑,1
牯,1
蚛,1
嶻,1
嶭,1
棰,1
罐,1
坩,1
硐,1
帧,1
跉,1
揌,1
篊,1
餦,1
餭,1
枅,1
泖,1
椵,1
緉,1
俀,1
輨,1
摏,1
耎,1
咡,1
矾,1
楅,1
廋,1
棍,1
宄,1
罙,1
芿,1
鷖,1
簜,1
祎,1
鋗,1
踥,1
辏,1
蓏,1
鼾,1
疃,1
挻,1
厂,1
玭,1
缢,1
辣,1
瞵,1
鷾,1
鸸,1
倰,1
憝,1
蒢,1
洴,1
餧,1
懡,1
碏,1
毷,1
氉,1
儳,1
鋄,1
蓓,1
蕾,1
蔀,1
驵,1
魮,1
羑,1
獹,1
殴,1
軷,1
颟,1
顸,1
靘,1
靧,1
裤,1
煿,1
墝,1
埆,1
桯,1
囗,1
搂,1
涭,1
浞,1
譈,1
埼,1
蘪,1
柅,1
麳,1
巏,1
嵍,1
莔,1
昷,1
埊,1
圀,1
曌,1
瓓,1
筴,1
呢,1
薶,1
嬿,1
鷅,1
鬔,1
皿,1
昱,1
蘙,1
晀,1
泔,1
抻,1
瘖,1
椸,1
扤,1
趟,1
涠,1
滀,1
牣,1
媌,1
娙,1
紭,1
鬤,1
摚,1
鴼,1
韺,1
藑,1
饛,1
輣,1
蛷,1
蠑,1
蠋,1
珵,1
嶨,1
恟,1
肬,1
蛹,1
氄,1
镦,1
皠,1
澉,1
穱,1
鋜,1
诼,1
硞,1
欶,1
馤,1
忲,1
雺,1
摎,1
廥,1
慠,1
豽,1
圿,1
剟,1
奅,1
傄,1
跀,1
斖,1
椌,1
楬,1
稭,1
痆,1
秳,1
扴,1
帓,1
犗,1
嘬,1
霠,1
鴅,1
鑮,1
腗,1
臄,1
彍,1
矱,1
咢,1
撜,1
胣,1
酃,1
鬋,1
抝,1
暹,1
撺,1
瞤,1
鞈,1
绒,1
螆,1
赶,1
苷,1
玮,1
彣,1
暡,1
喍,1
腲,1
腇,1
懅,1
尿,1
羺,1
莦,1
儽,1
譣,1
怫,1
儭,1
膨,1
脝,1
蟫,1
呆,1
诽,1
儡,1
槮,1
嵾,1
愐,1
昫,1
嗌,1
嫄,1
颧,1
蠈,1
僝,1
懱,1
擦,1
絁,1
愻,1
嫓,1
獓,1
“,1
瞁,1
劁,1
戽,1
熁,1
笐,1
溻,1
凚,1
揵,1
芚,1
恞,1
瀔,1
砍,1
佪,1
浟,1
咦,1
弑,1
妊,1
摝,1
煅,1
篯,1
裰,1
俏,1
狌,1
枓,1
芫,1
柂,1
榤,1
涒,1
踝,1
袽,1
渻,1
喎,1
拇,1
逯,1
骗,1
踜,1
鞁,1
馗,1
轿,1
蜫,1
蜦,1
锣,1
莆,1
娵,1
硇,1
磁,1
馒,1
踢,1
谞,1
癞,1
嚾,1
猳,1
瑝,1
嵎,1
瓚,1
蠮,1
蛁,1
蟟,1
鄯,1
欔,1
楔,1
瘫,1
忳,1
逌,1
臮,1
頠,1
瑨,1
邾,1
淜,1
潨,1
儛,1
俛,1
軨,1
庪,1
鬙,1
槅,1
韔,1
（,1
鞑,1
邱,1
